age,heart_rate,systolic_bp,oxygen,temperature,respiratory_rate,symptom,priority
69,111,154,92,37.3,13,3,High
32,111,180,88,38.2,26,7,Critical
89,95,97,83,38.2,21,1,Critical
78,97,140,96,37.4,26,4,Medium
38,109,170,95,37.8,21,7,Low
41,122,162,94,39.9,28,1,High
20,122,95,82,37.5,20,7,Critical
39,121,178,99,37.0,29,2,Critical
70,66,128,84,37.0,15,3,Critical
19,86,149,84,37.8,20,3,Critical
47,145,117,99,39.0,27,7,Critical
55,73,143,94,36.8,15,6,Low
19,130,126,97,38.8,27,5,High
81,145,98,94,36.1,30,4,Critical
77,64,171,81,37.7,12,7,Critical
38,114,145,92,39.1,17,3,High
50,61,148,83,37.4,21,2,Critical
75,121,174,89,38.3,27,1,Critical
39,150,91,92,36.8,15,3,Critical
66,80,150,89,39.0,24,2,High
76,138,147,88,36.2,27,1,Critical
59,80,149,87,39.4,17,5,Critical
77,69,129,82,36.8,22,3,Critical
32,146,125,95,39.5,14,3,Critical
79,117,126,93,37.4,21,7,High
79,98,168,88,38.9,12,7,High
64,64,107,100,37.3,22,2,Low
79,124,152,90,39.6,23,6,High
68,72,111,82,36.5,25,7,Critical
72,144,100,84,36.7,19,4,Critical
81,149,147,89,38.0,22,5,Critical
20,144,146,92,36.3,15,4,Critical
68,112,166,83,36.8,18,3,Critical
24,141,93,92,39.8,21,4,Critical
38,104,175,91,39.9,30,1,Critical
90,91,96,84,37.5,15,5,Critical
56,95,150,89,39.7,13,4,High
35,140,143,88,38.2,29,1,Critical
21,119,177,99,37.1,25,2,Critical
77,70,157,86,38.8,27,4,Critical
31,122,168,81,38.6,22,5,Critical
26,80,90,86,40.0,21,1,Critical
70,111,144,87,37.1,28,4,Critical
19,114,92,86,38.7,25,2,Critical
77,85,167,100,36.2,15,4,Low
88,127,127,93,36.5,30,1,High
61,93,90,98,36.0,13,4,Low
25,111,127,84,40.0,18,5,Critical
64,141,174,97,39.2,20,3,Critical
52,111,118,99,39.1,30,1,High
53,88,94,91,38.0,27,1,High
67,97,163,96,37.2,27,1,Medium
21,101,110,92,36.6,29,1,High
19,80,160,81,37.1,22,4,Critical
23,101,156,92,37.5,18,5,High
71,72,136,86,39.0,20,2,Critical
21,123,173,89,38.2,15,5,Critical
71,76,172,85,36.3,24,1,Critical
80,68,124,82,36.1,15,6,Critical
35,100,157,82,36.4,30,4,Critical
61,60,158,97,37.6,13,6,Low
51,61,90,90,39.7,20,4,High
79,119,157,99,38.5,23,1,High
31,107,101,84,39.2,13,4,Critical
65,88,149,98,37.9,17,1,Low
32,69,116,98,37.4,16,5,Low
89,117,145,94,36.4,16,7,High
79,119,112,95,39.5,16,3,High
57,80,114,88,39.1,15,4,High
70,87,110,83,36.7,20,1,Critical
41,134,150,94,38.0,21,6,Critical
43,93,152,91,37.9,27,1,High
77,67,141,82,38.5,21,6,Critical
58,118,177,93,39.8,21,4,Critical
46,145,114,96,38.3,30,2,Critical
32,131,144,98,38.2,21,6,Critical
62,108,135,85,36.2,17,1,Critical
82,138,121,83,36.3,28,4,Critical
88,76,144,86,36.7,16,1,Critical
26,119,94,98,36.1,17,2,High
18,146,125,96,39.0,26,3,Critical
25,147,138,95,38.9,30,7,Critical
80,104,147,94,36.5,29,7,Medium
28,142,128,87,39.3,15,2,Critical
25,128,169,98,36.6,19,5,High
52,91,174,87,37.2,27,4,Critical
52,103,150,97,37.0,30,2,Medium
50,124,98,95,37.5,14,3,High
22,146,95,99,37.0,21,1,Critical
58,67,124,98,38.0,13,4,Low
45,136,128,89,37.6,15,6,Critical
24,131,111,96,39.9,17,2,Critical
90,146,130,92,36.2,22,3,Critical
89,102,94,92,36.6,25,2,High
29,60,131,86,36.2,27,5,Critical
51,110,176,89,38.5,30,7,Critical
50,83,170,81,36.2,13,7,Critical
65,83,165,83,39.3,28,4,Critical
40,76,176,85,38.0,20,1,Critical
79,64,169,97,38.1,28,3,Medium
54,79,156,85,38.2,26,2,Critical
61,80,119,96,36.7,18,4,Low
52,117,146,93,36.8,30,2,High
82,90,175,90,37.3,14,4,Critical
64,70,162,98,38.4,12,7,Medium
20,111,118,81,36.8,15,5,Critical
18,74,126,82,36.5,29,2,Critical
22,142,176,90,39.9,19,5,Critical
31,66,102,85,36.1,30,6,Critical
44,87,121,93,39.2,17,6,Medium
26,110,135,98,39.2,12,7,High
32,117,112,95,37.2,19,3,High
59,64,134,100,36.5,12,5,Low
68,64,106,86,36.6,30,4,Critical
80,67,174,87,38.8,22,3,Critical
69,123,155,98,38.6,26,2,High
21,69,95,99,39.1,22,2,Medium
40,97,107,95,39.7,30,4,Medium
32,140,111,86,38.8,21,1,Critical
60,67,122,88,36.6,23,1,High
46,84,119,92,37.0,12,2,High
53,132,170,80,39.4,18,7,Critical
30,125,121,87,36.8,28,7,Critical
49,138,131,83,36.3,21,4,Critical
88,109,167,82,38.8,17,1,Critical
76,126,99,82,37.6,28,5,Critical
45,108,125,92,39.7,29,2,High
83,95,123,87,38.6,16,6,Critical
59,127,162,86,36.4,29,5,Critical
62,137,117,80,39.8,28,4,Critical
79,100,100,95,37.0,27,6,Medium
74,148,167,85,37.3,19,5,Critical
23,121,128,86,37.6,24,1,Critical
45,69,136,91,36.2,27,7,High
45,80,108,88,38.0,22,1,High
61,95,104,90,36.5,17,6,High
47,71,117,89,37.6,14,3,High
79,150,113,100,37.4,12,7,Critical
79,61,161,80,39.1,29,2,Critical
18,72,98,97,39.2,16,6,Medium
44,112,136,83,36.6,24,4,Critical
79,91,122,84,37.5,21,2,Critical
20,75,151,88,37.5,16,5,High
87,91,108,96,36.6,25,7,Medium
89,91,156,82,39.2,28,4,Critical
44,70,163,95,38.8,12,4,Medium
26,69,129,84,36.8,13,1,Critical
79,74,136,95,37.5,18,5,Low
54,76,154,82,36.4,21,1,Critical
68,99,118,99,38.5,18,1,Medium
61,77,139,94,36.5,27,7,Medium
41,114,102,82,39.9,16,3,Critical
76,132,90,99,39.1,23,1,Critical
49,84,123,93,37.6,28,2,Medium
69,118,137,95,38.3,27,4,High
79,137,166,96,39.6,27,7,Critical
75,148,137,99,38.2,30,1,Critical
69,81,138,97,36.7,26,6,Medium
29,89,153,97,37.5,23,2,Medium
56,143,150,93,39.4,21,5,Critical
19,144,118,97,38.6,13,4,Critical
20,103,128,94,38.6,18,7,Medium
73,91,177,94,39.5,24,6,Critical
76,110,115,85,39.6,14,7,Critical
19,105,106,94,39.7,26,7,Medium
19,80,160,97,36.4,12,6,Low
71,91,102,83,38.2,14,5,Critical
18,98,158,87,39.0,21,6,Critical
36,71,115,94,39.0,26,2,Medium
19,106,138,82,38.4,17,7,Critical
70,77,156,94,36.7,26,5,Medium
61,80,96,92,39.2,18,7,High
49,72,147,88,38.9,16,6,High
87,80,138,81,36.3,15,5,Critical
49,67,142,87,37.9,29,5,Critical
85,105,154,99,36.7,14,1,Low
72,66,151,96,37.3,28,1,Medium
73,82,106,92,36.1,29,1,High
34,134,132,80,37.6,29,6,Critical
55,145,114,81,38.2,13,4,Critical
41,81,92,94,38.5,24,2,Medium
86,148,168,91,38.7,26,6,Critical
87,81,118,93,39.3,16,7,Medium
28,88,121,81,36.9,14,1,Critical
33,72,115,97,36.5,16,5,Low
90,141,105,86,39.4,16,6,Critical
76,61,114,85,36.6,16,5,Critical
87,88,143,93,39.9,14,7,Medium
20,144,117,87,39.4,14,5,Critical
37,138,162,81,38.0,29,5,Critical
76,111,145,96,39.9,15,3,High
53,86,154,84,36.4,12,4,Critical
36,109,175,93,37.2,27,2,Critical
84,138,169,99,38.6,19,2,Critical
36,82,130,100,37.4,28,1,Medium
37,147,140,100,39.7,19,3,Critical
88,103,160,82,36.3,18,6,Critical
69,136,167,84,38.2,19,6,Critical
50,81,118,95,38.4,23,2,Medium
57,102,172,97,38.6,27,4,Critical
56,96,108,96,37.0,23,5,Medium
18,120,155,90,37.5,30,7,High
28,115,130,96,39.4,21,1,High
74,62,134,95,36.8,18,4,Low
67,122,104,81,39.3,23,2,Critical
40,78,92,83,38.3,16,3,Critical
48,82,100,100,39.0,27,1,Medium
59,88,142,86,38.9,20,2,Critical
24,89,135,81,36.8,18,6,Critical
33,98,119,85,38.3,25,1,Critical
77,84,146,96,39.5,22,2,Medium
19,67,107,86,37.7,18,6,Critical
18,117,140,84,39.9,21,7,Critical
65,75,137,84,37.8,20,6,Critical
29,131,155,99,36.6,15,5,Critical
86,60,97,95,37.6,27,3,Medium
54,64,111,98,39.8,21,5,Medium
49,62,95,88,37.3,30,2,High
26,124,165,84,39.5,28,7,Critical
36,63,146,87,39.5,20,4,Critical
65,123,125,88,37.4,24,7,High
20,148,168,84,36.3,12,7,Critical
37,69,146,89,38.9,13,7,High
41,80,138,81,37.2,24,5,Critical
71,105,134,88,39.1,20,4,High
50,150,171,90,37.8,18,6,Critical
41,86,155,83,37.9,27,2,Critical
89,125,166,81,39.1,30,3,Critical
53,100,134,85,37.5,18,4,Critical
55,72,168,93,37.8,17,2,Low
42,68,109,80,37.5,29,4,Critical
35,95,153,97,37.5,30,5,Medium
83,145,156,86,38.1,22,2,Critical
71,149,172,80,39.2,23,5,Critical
52,117,92,80,37.4,21,1,Critical
78,113,143,80,38.1,24,2,Critical
58,71,167,83,38.7,23,4,Critical
50,140,153,83,37.1,21,1,Critical
85,137,129,97,37.1,29,5,Critical
50,73,148,90,39.7,15,5,High
31,93,144,80,38.9,16,4,Critical
38,112,151,89,38.3,16,1,High
65,79,93,88,38.6,23,7,High
37,134,149,83,36.1,14,6,Critical
25,75,164,85,38.5,19,3,Critical
24,129,180,95,38.0,13,4,Critical
84,115,119,81,38.2,29,5,Critical
34,142,91,97,37.4,20,2,Critical
50,117,151,89,36.3,24,1,High
65,63,138,96,36.8,18,6,Low
76,63,98,92,39.8,21,3,High
39,79,120,97,37.6,20,2,Low
47,69,150,92,37.9,26,1,High
55,83,168,96,36.2,16,6,Low
68,85,137,84,36.2,23,4,Critical
71,96,114,90,38.9,12,6,High
25,144,125,86,38.2,23,4,Critical
44,113,97,89,38.0,17,7,High
44,80,162,96,37.0,30,1,Medium
38,133,147,94,39.0,30,6,Critical
47,97,134,97,36.7,27,3,Medium
45,105,151,98,36.8,30,6,Medium
81,63,128,81,37.8,14,1,Critical
86,119,147,83,37.1,21,2,Critical
78,116,170,82,37.0,29,2,Critical
65,104,172,86,38.6,24,6,Critical
36,79,153,97,38.6,29,6,Medium
21,76,133,89,39.3,14,4,High
52,130,118,86,37.7,14,1,Critical
81,63,148,87,36.3,23,4,Critical
66,73,160,85,37.1,18,3,Critical
34,62,98,80,39.9,19,7,Critical
61,147,95,83,38.4,20,2,Critical
47,139,118,93,38.8,25,5,Critical
63,117,147,96,36.0,16,5,High
23,114,106,99,38.1,30,1,High
54,63,105,97,36.2,27,1,Medium
41,83,176,90,38.3,23,5,Critical
63,93,92,100,39.7,15,1,Medium
70,89,110,93,39.9,19,2,Medium
77,141,153,88,38.2,18,3,Critical
80,78,179,94,37.8,26,3,Critical
49,90,125,91,39.8,17,4,High
50,119,175,89,38.7,16,2,Critical
84,119,151,98,36.3,25,7,High
35,78,131,98,37.9,24,1,Medium
42,108,165,85,37.0,21,1,Critical
71,122,131,99,37.9,29,7,High
75,142,150,85,37.8,15,4,Critical
84,81,102,87,38.3,19,4,Critical
63,83,100,80,37.4,22,1,Critical
41,135,143,96,36.7,28,1,Critical
49,89,105,96,38.0,29,7,Medium
64,117,97,94,39.3,22,2,High
40,90,148,86,38.7,27,7,Critical
83,123,146,98,37.4,23,4,High
44,78,129,82,39.7,24,7,Critical
19,107,148,90,39.6,27,7,High
34,104,91,99,36.8,12,7,Low
50,114,165,98,36.2,27,2,High
26,114,99,88,39.0,26,6,High
60,77,133,89,39.3,17,1,High
65,122,100,81,39.9,23,5,Critical
56,106,168,80,39.6,19,7,Critical
59,134,169,95,38.4,18,5,Critical
43,116,170,97,38.1,13,6,High
67,104,179,96,36.1,23,1,Critical
42,92,91,85,37.0,25,4,Critical
41,76,139,93,37.8,27,5,Medium
30,129,101,94,38.5,22,4,High
77,63,179,93,38.2,20,5,Critical
24,79,112,82,39.0,21,4,Critical
74,106,107,98,37.1,28,7,Medium
53,150,151,91,38.3,23,5,Critical
62,74,151,81,36.4,17,4,Critical
37,129,127,82,37.7,30,6,Critical
82,106,156,97,39.0,22,2,Medium
25,137,127,80,38.8,20,4,Critical
33,134,156,99,40.0,17,2,Critical
31,68,150,100,37.1,27,2,Medium
32,149,90,85,38.0,27,1,Critical
83,75,134,84,37.3,17,7,Critical
49,128,117,80,37.8,16,6,Critical
80,120,110,98,39.4,15,2,High
68,69,102,80,38.7,13,3,Critical
42,109,116,100,39.5,17,7,Medium
75,62,96,100,36.8,20,2,Low
80,136,111,95,39.5,28,4,Critical
79,129,163,91,36.2,25,2,High
39,140,142,87,39.6,18,4,Critical
75,110,168,95,37.3,30,4,High
75,78,168,80,37.3,12,3,Critical
66,101,93,83,38.0,26,2,Critical
69,94,112,89,39.8,29,2,High
59,105,159,90,36.2,14,5,High
87,85,177,96,37.4,29,7,Critical
32,128,173,86,39.4,13,5,Critical
71,123,173,91,37.6,21,1,Critical
77,96,165,100,36.8,22,4,Low
25,143,122,86,37.7,14,3,Critical
70,108,117,91,37.5,18,5,High
77,80,97,94,39.7,19,2,Medium
22,133,90,81,39.0,30,1,Critical
85,123,126,93,38.0,29,3,High
23,64,152,92,40.0,24,6,High
64,129,111,83,37.9,24,2,Critical
72,149,159,93,36.2,30,2,Critical
57,63,110,93,37.0,23,6,Medium
69,98,124,95,37.7,28,4,Medium
33,94,168,86,36.6,23,4,Critical
30,60,94,98,39.8,24,5,Medium
47,83,149,81,39.1,23,5,Critical
36,116,135,89,37.1,30,2,High
34,129,139,97,38.4,25,7,High
80,100,137,96,38.9,18,2,Medium
36,113,95,84,39.8,24,5,Critical
75,105,178,91,39.5,17,6,Critical
72,119,145,85,38.1,30,5,Critical
79,119,148,88,39.1,30,2,High
40,116,118,99,38.2,15,3,High
26,90,160,80,38.2,30,2,Critical
29,143,166,94,36.5,20,3,Critical
18,83,107,100,36.5,27,3,Medium
75,148,91,85,38.1,15,2,Critical
18,95,97,98,37.1,17,7,Low
51,144,164,97,36.1,19,7,Critical
65,89,143,85,38.9,27,1,Critical
18,83,127,92,36.1,16,5,High
33,89,137,80,38.4,21,7,Critical
78,145,116,92,38.2,24,4,Critical
81,66,109,86,39.9,25,2,Critical
80,94,101,94,37.9,18,3,Low
86,114,132,91,36.3,17,2,High
39,73,150,80,38.2,18,5,Critical
84,69,120,94,39.4,16,6,Medium
43,139,180,83,40.0,29,7,Critical
33,75,150,92,37.7,23,7,High
68,113,163,84,37.3,17,7,Critical
74,148,156,81,39.6,12,3,Critical
46,136,180,80,36.8,15,4,Critical
86,129,124,95,38.5,30,4,High
64,103,104,85,37.6,23,7,Critical
79,132,105,95,36.2,26,4,Critical
86,104,102,93,37.4,14,6,Low
33,115,124,82,37.1,19,7,Critical
65,143,164,94,38.7,22,1,Critical
56,141,148,82,39.8,27,3,Critical
50,116,110,81,37.1,20,6,Critical
40,80,143,80,39.2,14,3,Critical
27,127,164,88,36.2,16,7,High
86,109,119,88,38.2,25,6,High
51,92,137,86,36.3,26,7,Critical
69,150,124,82,39.7,17,6,Critical
27,66,175,97,39.1,15,7,Critical
36,129,127,90,38.6,19,1,High
75,74,120,86,39.3,30,3,Critical
18,141,167,88,38.6,16,6,Critical
86,91,113,80,39.9,24,1,Critical
21,134,138,93,38.9,27,2,Critical
33,79,121,99,39.7,12,7,Medium
41,147,144,85,38.1,24,5,Critical
19,74,168,86,36.5,22,6,Critical
49,107,147,89,38.1,19,4,High
41,130,92,86,36.5,19,1,Critical
29,80,169,81,38.4,25,1,Critical
67,101,158,83,37.9,24,6,Critical
52,85,174,100,38.5,14,1,Critical
50,73,99,96,36.0,15,2,Low
50,116,172,80,36.8,26,1,Critical
78,96,114,89,38.0,26,5,High
68,117,157,98,39.8,24,5,High
60,80,150,94,37.5,20,7,Low
29,141,118,89,37.7,21,7,Critical
84,128,108,98,38.9,23,4,High
82,62,132,91,38.4,25,2,High
50,146,155,95,37.2,12,5,Critical
57,149,163,88,37.6,25,6,Critical
60,96,150,94,36.9,25,3,Medium
61,147,132,96,39.9,19,3,Critical
46,108,114,93,36.5,27,3,Medium
30,78,109,97,37.5,25,7,Medium
29,148,137,81,36.1,12,6,Critical
63,144,172,83,36.9,27,1,Critical
19,71,176,97,39.1,29,6,Critical
52,120,113,86,36.8,18,1,Critical
25,100,100,92,36.3,26,3,High
43,92,144,94,37.9,28,4,Medium
51,109,117,80,36.0,30,4,Critical
24,127,158,90,36.3,24,1,High
85,130,152,89,39.2,20,3,High
75,145,148,84,39.1,26,6,Critical
46,92,94,95,39.7,14,4,Medium
53,140,140,90,39.4,12,1,Critical
38,83,110,100,38.7,27,6,Medium
53,120,101,85,36.2,19,3,Critical
27,120,139,88,39.1,24,2,High
90,87,93,92,39.4,19,3,High
41,117,131,87,39.2,28,7,Critical
81,102,173,93,38.0,25,3,Critical
66,100,127,80,36.9,18,6,Critical
53,98,114,96,39.4,26,6,Medium
41,145,103,84,38.9,27,5,Critical
40,108,164,81,39.9,30,5,Critical
79,76,121,88,36.6,17,6,High
54,129,100,83,36.9,12,6,Critical
29,129,150,96,36.8,23,2,High
72,124,107,96,39.2,29,2,High
30,133,116,100,36.7,27,3,Critical
40,144,144,97,36.3,23,7,Critical
47,64,143,95,40.0,24,4,Medium
34,61,171,87,36.1,19,7,Critical
79,81,176,90,39.3,12,2,Critical
30,116,164,100,37.5,18,3,High
76,125,110,100,39.4,26,7,High
36,133,133,97,38.2,24,1,Critical
66,75,94,89,39.6,24,5,High
29,110,176,92,39.7,20,7,Critical
78,98,130,96,36.0,26,4,Medium
36,145,148,97,36.3,15,3,Critical
26,135,178,89,37.0,24,7,Critical
88,147,143,95,38.7,23,6,Critical
45,99,163,99,39.6,16,1,Medium
69,97,111,84,37.8,18,5,Critical
33,119,172,92,38.4,19,1,Critical
86,118,154,97,36.8,16,3,High
29,69,153,96,39.2,20,2,Medium
42,123,160,88,39.9,25,5,High
69,122,93,93,37.1,23,1,High
70,108,154,96,38.0,15,2,Low
40,123,104,83,36.3,19,4,Critical
33,91,165,97,38.2,28,3,Medium
74,66,111,99,38.0,19,3,Low
56,80,175,94,36.6,12,5,Critical
70,79,136,90,37.8,13,1,High
59,85,170,91,37.3,15,4,High
75,127,135,88,38.1,12,6,High
56,145,103,92,38.3,18,5,Critical
31,74,139,94,36.0,12,6,Low
22,144,109,94,39.0,20,5,Critical
52,138,139,84,38.9,14,1,Critical
35,145,122,98,37.5,23,4,Critical
26,73,148,99,36.2,30,1,Medium
75,86,132,93,39.0,26,3,Medium
34,99,168,96,39.8,27,6,Medium
24,117,101,97,37.0,21,2,High
63,87,129,100,37.3,17,7,Low
30,85,109,82,36.7,28,3,Critical
57,122,127,81,38.3,28,3,Critical
59,125,92,80,36.6,30,6,Critical
26,84,117,89,37.4,29,5,High
67,62,145,98,38.8,22,3,Medium
44,131,179,96,38.2,18,7,Critical
83,103,102,91,37.5,21,4,High
22,101,166,80,37.7,18,3,Critical
46,65,155,91,38.2,16,4,High
54,98,126,96,36.0,23,1,Medium
55,111,138,82,36.3,27,5,Critical
25,82,155,90,39.5,29,4,High
82,148,125,96,36.3,14,3,Critical
34,109,143,82,38.8,26,5,Critical
88,102,115,87,39.7,16,7,Critical
62,78,164,99,37.1,24,5,Medium
21,128,161,83,37.5,30,4,Critical
53,110,129,100,38.3,23,4,High
87,70,132,86,39.5,16,2,Critical
48,71,111,93,39.8,17,2,Medium
36,133,109,93,39.0,18,5,Critical
78,67,97,83,36.3,21,6,Critical
71,83,118,95,38.7,27,6,Medium
56,100,129,80,37.6,19,2,Critical
36,95,179,96,37.9,20,3,Critical
56,144,119,89,36.2,15,1,Critical
84,131,170,95,36.8,19,5,Critical
62,114,173,95,39.2,18,1,Critical
30,68,144,87,37.8,26,2,Critical
75,106,105,86,37.2,14,4,Critical
37,74,135,85,37.5,28,7,Critical
89,107,151,95,39.4,22,5,Medium
78,141,96,99,39.0,20,2,Critical
56,101,169,95,37.1,16,3,Low
18,119,134,86,36.5,21,7,Critical
20,143,148,88,37.0,26,5,Critical
79,129,145,93,39.7,25,5,High
80,71,137,90,38.3,15,6,High
42,61,116,93,38.1,13,4,Medium
73,66,142,86,38.4,23,5,Critical
50,139,176,80,37.5,12,4,Critical
55,62,177,92,39.2,16,2,Critical
23,62,162,99,38.1,17,3,Medium
75,86,124,82,36.5,22,7,Critical
61,99,140,99,36.5,19,7,Low
62,92,173,83,38.1,18,3,Critical
49,60,126,90,39.7,15,5,High
62,67,170,81,37.2,17,5,Critical
78,91,146,93,39.5,27,2,Medium
64,107,97,91,39.1,26,6,High
38,63,168,96,37.0,25,6,Medium
53,129,109,91,36.1,23,6,High
36,78,142,91,36.4,23,4,High
37,91,101,80,38.9,27,6,Critical
74,68,138,92,36.8,26,3,High
35,71,106,93,37.5,24,7,Medium
64,70,153,81,38.0,22,7,Critical
66,105,131,91,38.9,28,4,High
31,75,118,100,36.5,26,2,Medium
32,60,108,95,37.6,25,3,Medium
48,122,100,83,37.9,21,7,Critical
18,80,139,87,38.2,23,3,Critical
71,89,160,81,39.3,27,7,Critical
20,72,147,89,36.7,26,1,High
33,93,123,88,39.2,21,2,High
74,63,109,94,38.8,15,2,Medium
29,87,139,92,38.2,20,1,High
33,118,177,96,38.8,20,4,Critical
89,86,99,95,37.6,22,7,Low
41,128,121,81,36.6,22,7,Critical
45,84,141,99,38.7,18,7,Medium
25,62,104,99,38.1,21,6,Medium
53,127,173,93,38.6,15,6,Critical
25,84,92,82,37.4,16,6,Critical
75,79,126,91,39.6,16,6,High
77,93,129,87,38.3,22,6,Critical
67,85,161,81,36.3,20,1,Critical
45,64,129,83,37.8,27,2,Critical
58,120,145,93,39.0,20,4,High
81,68,112,95,39.2,15,3,Medium
44,109,100,98,38.0,13,6,Low
80,65,153,81,39.6,25,1,Critical
34,142,97,91,37.1,14,7,Critical
90,119,145,93,37.6,29,4,High
50,103,149,85,39.6,17,4,Critical
46,70,99,92,39.6,22,4,High
30,125,128,83,38.7,29,1,Critical
63,106,117,97,39.4,23,3,Medium
52,132,138,91,36.4,16,6,Critical
23,144,125,99,39.5,20,4,Critical
86,147,102,100,37.3,29,1,Critical
64,145,125,98,36.7,30,7,Critical
42,62,115,87,37.0,14,2,Critical
83,135,175,86,37.7,20,7,Critical
27,89,93,95,37.0,15,1,Low
73,149,171,98,37.3,28,1,Critical
47,80,153,85,36.5,28,1,Critical
22,87,127,99,37.2,13,4,Low
50,149,177,100,38.3,20,1,Critical
82,121,176,90,37.8,20,2,Critical
35,92,111,84,37.4,16,4,Critical
66,144,91,95,39.0,26,7,Critical
28,94,120,86,39.6,26,2,Critical
43,111,100,84,39.0,14,5,Critical
80,93,135,90,37.3,30,7,High
76,100,151,94,39.0,14,1,Medium
44,110,158,82,36.6,17,6,Critical
66,106,153,84,36.5,15,6,Critical
50,141,99,100,37.4,24,4,Critical
18,117,129,84,39.2,24,6,Critical
38,134,113,88,37.0,22,7,Critical
72,116,133,94,36.3,16,4,High
23,82,149,82,36.5,12,7,Critical
86,107,151,85,39.4,20,1,Critical
22,81,176,96,38.5,28,3,Critical
20,76,106,100,37.0,12,3,Low
70,128,154,87,38.2,14,2,Critical
40,70,146,100,38.1,26,1,Medium
70,74,144,90,38.6,21,6,High
54,150,142,85,36.9,19,1,Critical
34,94,145,87,39.5,23,5,Critical
90,92,98,89,37.2,26,3,High
18,143,111,82,38.8,20,6,Critical
68,75,102,93,36.1,21,7,Low
62,93,178,93,37.5,20,7,Critical
21,125,137,89,37.4,26,3,High
79,99,107,91,38.2,12,1,High
82,87,165,85,36.3,13,6,Critical
49,106,129,91,39.2,30,2,High
51,98,106,93,36.9,25,7,Medium
89,129,104,81,38.7,19,1,Critical
56,132,104,88,39.2,17,2,Critical
43,79,168,89,38.2,23,6,High
51,60,152,96,39.0,26,3,Medium
71,131,128,96,38.6,25,5,Critical
20,146,102,82,37.4,12,4,Critical
67,122,170,98,39.2,22,3,High
29,126,121,80,37.2,14,2,Critical
82,63,98,91,38.3,30,1,High
71,117,129,86,39.0,29,7,Critical
22,84,109,83,37.5,13,6,Critical
74,106,179,89,37.2,18,3,Critical
34,97,180,92,37.8,19,7,Critical
64,74,174,81,39.3,30,7,Critical
40,122,171,89,39.7,26,5,Critical
31,80,166,100,38.2,21,6,Medium
83,116,169,83,38.6,12,2,Critical
68,112,162,97,39.6,17,6,High
55,105,152,84,36.4,24,6,Critical
81,73,165,98,36.9,25,1,Medium
55,135,133,81,38.8,14,4,Critical
67,76,127,91,39.3,22,7,High
47,98,172,96,39.4,14,2,Critical
68,68,149,89,37.7,30,1,High
80,136,160,81,36.4,21,7,Critical
69,138,137,85,37.8,26,4,Critical
55,141,107,87,36.9,22,1,Critical
47,65,105,98,37.2,26,4,Medium
68,150,144,90,39.1,24,4,Critical
22,82,128,91,36.3,16,4,High
46,118,157,88,39.3,15,1,High
21,150,148,81,37.7,24,6,Critical
27,105,178,87,38.4,20,4,Critical
73,97,151,90,36.4,28,6,High
34,73,102,100,37.3,13,7,Low
34,131,170,83,36.4,16,7,Critical
86,121,95,89,39.8,27,2,High
51,94,172,100,39.2,18,5,Critical
23,78,166,99,37.8,12,6,Low
70,89,149,95,36.9,23,7,Medium
83,137,179,87,39.7,22,5,Critical
60,143,103,83,37.4,23,4,Critical
40,84,143,89,36.6,30,5,High
72,99,93,91,38.3,23,5,High
33,147,128,93,39.8,23,4,Critical
25,73,161,95,36.0,25,6,Medium
21,85,114,97,37.0,13,4,Low
21,146,166,100,39.8,13,2,Critical
73,81,121,100,36.7,15,3,Low
42,107,148,91,36.5,27,1,High
84,142,152,97,38.3,21,4,Critical
84,110,127,86,39.4,24,4,Critical
44,62,142,99,37.9,13,5,Low
49,101,156,86,40.0,14,2,Critical
67,78,117,88,38.7,30,7,High
78,132,92,80,36.3,17,7,Critical
68,87,169,85,40.0,30,5,Critical
36,143,111,85,37.6,30,6,Critical
38,104,127,91,37.1,19,4,High
22,130,161,91,38.2,25,4,High
59,137,161,89,37.2,21,5,Critical
78,122,151,85,36.3,14,4,Critical
39,132,146,96,36.0,17,6,Critical
38,78,95,98,37.8,26,3,Medium
87,106,167,97,39.3,29,1,Medium
18,73,121,85,38.3,25,1,Critical
22,97,99,98,40.0,30,1,Medium
29,112,92,89,37.1,21,3,High
63,120,148,87,37.1,26,4,Critical
51,95,165,100,36.6,15,5,Low
66,99,138,85,36.7,13,7,Critical
62,140,148,100,37.1,14,2,Critical
44,89,120,86,39.2,18,4,Critical
90,68,158,80,39.6,27,3,Critical
43,123,151,97,39.9,21,6,High
64,92,141,99,36.9,30,3,Medium
73,111,178,91,39.5,28,7,Critical
80,148,130,95,37.3,30,1,Critical
65,73,120,89,36.5,16,4,High
78,134,174,89,39.5,24,7,Critical
43,112,173,93,38.5,24,1,Critical
53,118,111,99,36.7,22,2,High
18,137,93,89,37.7,22,6,Critical
25,100,102,89,37.1,27,1,High
69,127,134,90,38.9,26,2,High
64,127,131,81,37.8,28,3,Critical
73,67,138,99,40.0,29,1,Medium
31,61,109,87,36.2,30,1,Critical
45,145,166,86,37.4,15,5,Critical
19,100,170,87,37.9,16,6,Critical
43,114,143,80,38.0,18,6,Critical
31,75,125,100,37.3,13,7,Low
76,121,90,81,38.9,12,3,Critical
73,107,104,97,39.5,23,5,Medium
24,89,166,94,39.8,21,7,Medium
20,71,106,80,39.2,19,2,Critical
40,94,113,84,39.4,12,7,Critical
35,70,147,81,38.2,23,2,Critical
55,123,161,99,39.3,13,3,High
32,109,180,82,37.2,21,6,Critical
81,144,112,98,37.6,28,2,Critical
45,80,135,97,37.3,14,3,Low
56,128,161,97,37.9,18,7,High
74,107,97,93,37.1,23,2,Medium
34,79,148,87,39.8,19,4,Critical
61,126,179,91,37.3,23,1,Critical
42,103,148,100,36.4,14,7,Low
34,92,102,89,38.1,28,6,High
30,132,128,99,36.2,20,7,Critical
42,120,117,96,36.4,21,4,High
85,68,178,90,36.9,17,3,Critical
27,127,150,81,37.9,12,3,Critical
84,94,105,83,37.7,23,7,Critical
35,140,91,80,39.2,16,4,Critical
51,147,171,94,39.0,24,7,Critical
25,124,106,92,37.7,26,1,High
57,67,119,87,37.3,22,1,Critical
59,104,102,83,37.3,19,5,Critical
58,146,171,89,39.1,16,2,Critical
23,106,102,98,36.2,13,5,Low
69,99,132,97,36.1,23,1,Medium
43,135,174,84,39.2,13,4,Critical
81,113,110,98,37.9,27,2,High
76,135,144,95,36.5,14,4,Critical
73,105,170,80,36.9,21,5,Critical
76,106,129,91,39.7,30,3,High
87,74,172,81,39.4,19,4,Critical
50,78,104,100,38.8,18,5,Medium
70,85,162,87,37.9,12,5,Critical
39,111,141,97,38.1,23,5,High
38,81,163,95,39.9,16,3,Medium
87,80,142,84,39.9,27,3,Critical
87,110,176,92,36.9,15,7,Critical
21,97,141,98,39.2,28,3,Medium
79,79,119,82,36.8,13,2,Critical
79,88,122,87,36.9,23,3,Critical
41,110,146,91,38.7,12,3,High
72,63,141,81,37.6,23,3,Critical
26,114,98,90,39.7,23,4,High
20,130,143,91,36.4,23,3,High
48,87,90,97,38.0,30,2,Medium
57,63,133,92,39.7,28,5,High
53,81,164,84,39.6,22,4,Critical
41,135,169,91,36.6,24,1,Critical
23,104,98,81,37.5,19,3,Critical
83,126,121,84,38.5,21,7,Critical
21,145,104,86,36.6,19,7,Critical
23,125,101,91,39.9,19,5,High
68,147,167,95,39.7,20,5,Critical
79,93,146,87,36.7,18,4,Critical
74,150,97,88,36.5,25,7,Critical
83,114,161,94,36.3,13,1,High
25,60,116,84,39.6,22,6,Critical
43,131,151,92,36.8,19,7,Critical
68,146,101,84,37.7,24,7,Critical
62,97,154,90,37.8,26,2,High
61,65,131,89,38.4,14,6,High
22,145,151,99,36.3,25,5,Critical
87,84,100,92,36.9,26,6,High
43,141,132,88,39.7,13,7,Critical
85,76,106,100,39.6,30,5,Medium
36,120,121,93,39.1,23,6,High
37,71,174,97,36.1,15,5,Critical
29,65,174,94,37.3,14,5,Critical
64,149,129,89,38.5,16,4,Critical
18,86,112,86,37.1,14,1,Critical
31,67,145,87,39.6,26,5,Critical
81,142,95,82,38.5,30,2,Critical
55,124,175,94,36.3,13,7,Critical
54,116,139,95,39.6,23,7,High
28,99,126,83,39.8,16,2,Critical
20,73,153,100,36.3,28,3,Medium
50,94,143,85,38.1,25,5,Critical
23,107,161,80,37.2,21,5,Critical
67,143,138,83,37.6,14,5,Critical
27,115,100,90,36.7,15,6,High
22,108,177,91,38.3,17,5,Critical
40,72,138,84,39.8,27,5,Critical
27,120,110,100,38.0,18,2,High
61,108,155,95,36.3,26,1,Medium
19,105,152,92,38.5,22,1,High
30,121,172,92,37.4,12,3,Critical
57,67,117,96,39.4,16,2,Medium
19,102,106,86,37.7,24,5,Critical
82,79,95,87,36.8,25,1,Critical
80,149,108,92,36.8,20,4,Critical
90,98,145,95,39.1,28,4,Medium
34,144,117,83,37.1,26,4,Critical
26,108,155,87,39.1,18,5,Critical
32,123,127,95,36.8,23,5,High
41,121,126,100,37.3,17,3,High
55,113,157,89,37.9,27,7,High
52,68,175,91,39.8,16,3,Critical
66,147,179,91,39.7,20,3,Critical
86,96,138,84,36.8,25,6,Critical
79,108,132,95,37.4,19,4,Low
77,100,125,80,36.6,25,5,Critical
67,76,147,88,38.0,23,4,High
26,147,102,91,37.8,21,3,Critical
51,80,141,84,39.6,24,5,Critical
52,110,147,99,39.7,30,2,High
18,118,121,82,37.5,26,1,Critical
57,98,170,84,38.0,19,1,Critical
81,114,149,81,39.6,21,3,Critical
39,100,172,93,39.2,14,7,Critical
77,98,147,81,36.0,14,4,Critical
81,72,145,92,37.3,16,2,High
89,123,117,86,37.7,27,5,Critical
28,70,90,89,36.9,28,7,High
31,78,131,92,36.8,17,4,High
77,70,171,95,36.2,27,3,Critical
47,136,137,93,38.6,13,4,Critical
52,105,129,90,37.1,26,3,High
54,104,152,89,36.2,29,6,High
22,60,165,85,36.9,12,1,Critical
43,99,161,83,39.2,30,7,Critical
79,78,177,100,39.4,23,1,Critical
21,135,169,80,37.9,19,4,Critical
59,131,93,86,37.7,17,2,Critical
35,131,127,88,39.9,23,5,Critical
57,120,116,87,36.8,18,3,Critical
89,71,98,84,36.9,29,5,Critical
56,120,105,98,37.2,25,1,High
31,92,145,89,36.7,19,2,High
49,104,165,90,37.5,25,2,High
68,149,120,94,39.6,16,5,Critical
55,128,177,85,38.5,20,1,Critical
40,67,103,94,37.6,19,5,Low
80,84,114,84,39.7,13,4,Critical
32,150,123,98,36.2,27,2,Critical
42,105,156,98,36.8,24,2,Medium
34,146,113,89,38.3,18,4,Critical
83,89,162,91,38.5,27,1,High
70,106,115,83,36.2,18,2,Critical
68,146,109,97,37.6,25,7,Critical
56,108,153,95,38.6,25,6,Medium
68,106,99,87,38.8,23,6,Critical
87,143,172,83,38.6,12,6,Critical
23,141,156,91,37.3,12,3,Critical
84,77,113,81,36.4,23,7,Critical
24,125,94,83,37.7,26,3,Critical
68,127,156,84,36.5,15,1,Critical
89,92,147,82,39.8,18,4,Critical
59,95,116,88,37.9,27,5,High
81,141,169,100,37.3,14,7,Critical
32,78,104,97,39.1,18,1,Medium
46,87,124,90,38.0,17,5,High
50,99,165,82,37.2,27,1,Critical
44,143,142,81,39.2,19,3,Critical
53,135,133,88,39.5,17,6,Critical
46,74,115,93,38.7,21,4,Medium
55,100,136,83,36.2,27,3,Critical
74,98,123,88,38.3,22,4,High
44,61,176,92,39.1,24,7,Critical
72,122,139,97,36.5,17,5,High
50,88,173,94,36.9,12,1,Critical
85,133,101,89,39.5,30,2,Critical
83,125,176,95,36.1,23,2,Critical
27,110,93,91,39.0,17,4,High
22,134,176,99,37.9,29,6,Critical
55,136,137,84,37.8,24,6,Critical
30,69,144,81,36.0,18,4,Critical
48,73,90,89,39.3,24,3,High
64,141,178,80,37.4,19,2,Critical
69,110,155,86,38.2,28,3,Critical
73,132,119,96,38.7,20,5,Critical
32,98,92,95,38.8,24,2,Medium
46,87,110,82,39.8,13,5,Critical
25,62,178,93,38.1,15,1,Critical
22,143,173,89,37.6,13,3,Critical
46,129,138,86,39.8,15,4,Critical
64,86,175,96,38.6,29,2,Critical
85,61,174,85,37.2,16,3,Critical
62,97,151,83,36.5,30,4,Critical
19,62,127,96,39.4,21,1,Medium
44,75,104,88,37.4,29,2,High
53,99,141,83,38.6,21,5,Critical
53,61,168,86,37.9,16,1,Critical
43,140,135,81,36.8,28,6,Critical
60,100,114,96,38.4,24,4,Medium
44,71,110,87,36.2,28,2,Critical
86,94,177,94,37.7,20,2,Critical
37,124,94,94,38.2,23,7,High
28,114,159,87,37.7,25,7,Critical
55,104,136,95,39.0,25,1,Medium
23,138,176,98,39.3,19,2,Critical
89,149,157,90,39.1,16,4,Critical
40,144,180,81,36.2,30,1,Critical
64,121,107,96,36.8,25,5,High
63,108,110,95,38.1,20,1,Medium
29,84,175,94,39.7,18,1,Critical
30,82,112,92,39.3,19,5,High
79,83,153,94,39.4,25,6,Medium
77,97,156,83,37.2,25,7,Critical
60,87,129,95,37.7,22,4,Low
85,80,99,91,37.9,25,6,High
22,113,178,83,36.6,19,6,Critical
54,77,141,82,36.1,14,6,Critical
89,95,161,96,39.8,29,7,Medium
48,104,164,97,37.0,14,3,Low
26,132,150,97,37.0,24,7,Critical
68,112,153,96,36.3,23,6,High
46,89,94,91,39.7,26,3,High
57,119,142,100,38.3,29,5,High
58,91,144,83,38.7,16,7,Critical
28,126,126,91,39.6,18,4,High
40,126,145,100,37.4,22,6,High
18,87,148,99,38.5,22,2,Medium
63,103,158,94,36.2,26,5,Medium
38,138,162,95,36.7,21,3,Critical
53,100,148,84,39.3,26,7,Critical
71,122,91,100,39.1,24,4,High
74,82,154,94,37.4,25,1,Medium
18,134,149,96,37.5,28,4,Critical
80,107,140,97,38.1,24,4,Medium
71,91,119,84,36.0,21,6,Critical
72,116,100,92,37.0,12,6,High
57,92,165,98,36.8,12,7,Low
32,83,128,92,37.0,26,7,High
38,98,179,97,39.2,27,3,Critical
64,93,166,93,37.1,23,7,Medium
90,115,161,83,36.8,17,3,Critical
70,87,152,83,38.0,17,6,Critical
26,96,153,99,39.5,23,6,Medium
69,66,150,99,37.0,26,2,Medium
74,127,143,98,36.3,15,2,High
43,96,162,92,37.4,15,5,High
58,115,147,91,39.0,13,6,High
52,124,174,86,38.2,23,1,Critical
80,124,145,91,39.3,18,2,High
42,106,123,100,39.8,20,3,Medium
55,79,120,83,39.2,20,4,Critical
19,78,141,81,38.4,19,7,Critical
24,88,178,81,38.0,25,7,Critical
51,133,165,84,36.2,12,5,Critical
34,119,90,89,39.9,23,2,High
60,77,144,89,37.5,13,4,High
76,94,111,88,36.6,24,4,High
68,102,129,92,38.7,15,2,High
71,150,90,86,37.1,29,1,Critical
41,70,154,84,38.3,30,1,Critical
42,108,152,89,38.3,27,5,High
88,97,143,89,37.8,25,1,High
69,123,131,85,39.3,19,5,Critical
87,128,110,98,37.1,23,3,High
50,67,168,100,37.8,20,2,Low
66,93,170,87,38.2,17,4,Critical
46,107,111,80,38.7,29,5,Critical
80,115,127,96,39.1,13,7,High
39,135,169,86,37.6,19,1,Critical
43,124,97,93,38.6,25,7,High
45,90,151,100,36.6,17,5,Low
66,63,136,100,39.7,21,6,Medium
88,109,106,96,37.5,19,5,Low
66,128,106,88,38.9,28,1,High
37,89,179,96,36.1,23,6,Critical
80,147,102,84,36.8,28,6,Critical
78,118,106,99,37.9,24,1,High
66,126,127,87,39.5,30,6,Critical
88,134,170,85,38.1,23,2,Critical
18,104,167,90,39.7,27,4,High
30,63,134,98,37.9,16,7,Low
68,85,95,83,38.0,27,2,Critical
73,86,124,97,36.5,17,2,Low
79,105,103,80,39.2,22,1,Critical
49,123,161,92,37.0,28,1,High
47,150,150,93,39.6,25,7,Critical
46,110,104,80,39.6,17,4,Critical
66,109,143,90,39.8,22,5,High
62,65,116,96,38.1,23,2,Medium
47,118,102,83,38.7,24,6,Critical
33,74,120,91,39.1,15,4,High
57,89,124,89,36.5,18,2,High
36,101,149,85,38.4,13,5,Critical
35,96,95,80,36.1,17,6,Critical
18,101,158,86,38.0,17,2,Critical
64,94,175,100,36.6,29,3,Critical
83,146,147,95,36.7,19,7,Critical
55,65,138,93,37.5,19,4,Low
68,127,112,99,37.7,19,7,High
80,77,178,99,38.5,19,1,Critical
21,132,123,85,36.3,12,2,Critical
18,88,115,84,38.0,13,6,Critical
25,136,136,100,36.7,23,6,Critical
46,118,94,97,38.3,26,4,High
72,106,179,94,38.5,15,4,Critical
20,76,109,85,38.2,14,7,Critical
49,81,95,98,39.0,25,6,Medium
27,127,159,80,37.3,19,6,Critical
51,128,148,80,39.1,24,6,Critical
72,96,153,92,37.7,30,2,High
49,108,107,82,37.9,16,6,Critical
67,72,93,89,38.6,24,1,High
24,93,106,100,36.1,12,6,Low
25,145,103,82,38.6,27,1,Critical
82,112,167,88,38.5,13,2,High
74,146,102,87,37.2,18,4,Critical
84,110,96,82,36.3,17,1,Critical
76,62,133,92,36.4,16,2,High
89,101,104,85,39.7,15,6,Critical
71,91,108,92,38.8,13,2,High
84,110,152,99,36.5,21,6,High
68,144,124,99,37.4,16,7,Critical
25,105,170,91,38.4,29,2,High
51,80,124,92,39.3,21,4,High
52,103,108,81,36.2,26,1,Critical
49,70,109,100,36.9,20,7,Low
63,127,124,95,39.6,22,4,High
33,60,121,85,36.0,28,3,Critical
85,122,137,98,36.8,20,6,High
54,83,133,100,39.8,27,1,Medium
71,72,113,92,38.5,17,4,High
31,70,150,96,37.0,22,1,Low
72,110,106,88,36.3,28,3,High
65,76,160,96,36.1,15,5,Low
24,141,139,81,37.0,26,6,Critical
24,145,154,98,39.5,12,6,Critical
50,83,121,98,37.7,12,2,Low
40,78,125,86,38.9,20,6,Critical
36,96,102,89,39.7,23,6,High
36,144,159,89,37.6,15,4,Critical
53,67,147,99,36.8,24,7,Medium
46,87,103,88,38.1,18,6,High
77,64,126,96,39.6,19,6,Medium
19,76,168,94,39.2,24,3,Medium
18,95,157,81,36.3,22,7,Critical
64,78,129,83,38.8,20,3,Critical
86,123,148,98,38.3,27,1,High
37,150,169,96,39.6,21,1,Critical
28,70,105,84,36.5,22,6,Critical
19,113,151,86,38.1,23,6,Critical
84,104,93,97,39.5,25,2,Medium
29,106,134,100,37.6,30,1,Medium
37,71,179,86,37.9,23,4,Critical
22,80,117,96,36.3,29,6,Medium
54,70,155,86,37.1,28,4,Critical
55,64,120,83,37.3,14,6,Critical
26,140,92,87,39.8,12,4,Critical
70,115,97,92,37.1,30,5,High
61,79,113,83,37.8,15,4,Critical
41,100,104,85,38.7,27,7,Critical
47,105,132,84,36.6,23,1,Critical
76,71,120,91,37.9,24,6,High
31,129,162,83,39.0,28,1,Critical
26,76,134,88,39.5,19,7,High
57,78,155,83,38.5,24,7,Critical
83,85,97,98,38.7,16,4,Medium
42,107,160,93,36.5,29,3,Medium
90,111,146,84,39.8,26,3,Critical
39,129,169,97,36.5,23,7,High
21,114,119,89,39.1,28,3,High
43,134,163,98,37.1,26,6,Critical
75,92,107,91,39.7,13,2,High
46,121,158,97,38.9,17,5,High
54,147,128,96,39.0,28,4,Critical
87,82,149,90,36.9,27,2,High
35,74,132,82,37.8,28,3,Critical
59,86,134,96,38.5,20,4,Medium
58,134,112,80,39.1,16,2,Critical
55,123,158,94,36.4,12,1,High
51,140,95,88,39.8,17,3,Critical
34,110,145,94,39.6,25,2,High
54,112,93,82,37.1,28,6,Critical
42,137,112,98,39.3,30,1,Critical
44,150,95,92,38.1,12,3,Critical
74,141,121,91,37.8,12,5,Critical
48,110,107,99,37.3,24,7,High
23,106,104,80,38.3,25,3,Critical
57,63,129,100,38.9,17,6,Medium
29,66,162,96,37.6,17,5,Low
70,94,163,92,38.5,12,5,High
88,107,173,80,38.8,25,5,Critical
27,132,95,89,38.8,14,4,Critical
62,131,152,94,36.2,21,4,Critical
34,104,156,86,39.4,30,7,Critical
43,140,100,97,37.8,30,5,Critical
79,140,132,95,37.0,30,7,Critical
63,131,106,93,37.0,15,1,Critical
81,78,93,97,37.9,30,5,Medium
19,122,152,86,39.5,21,2,Critical
71,97,157,96,37.5,13,5,Low
82,126,170,97,39.0,15,4,High
68,118,130,91,36.4,17,4,High
70,128,172,87,37.9,18,2,Critical
53,72,94,81,40.0,27,2,Critical
43,106,121,86,39.1,18,3,Critical
46,120,175,83,36.8,29,1,Critical
38,90,159,97,38.0,30,1,Medium
28,139,124,85,36.9,20,1,Critical
57,81,111,88,37.6,21,6,High
28,145,154,88,39.1,24,4,Critical
53,102,173,93,39.1,29,1,Critical
76,126,111,87,36.9,27,3,Critical
56,113,100,98,39.7,28,3,High
71,69,166,82,38.4,24,1,Critical
72,101,92,97,37.5,23,2,Medium
41,123,98,84,38.0,21,3,Critical
39,80,149,93,38.4,12,7,Medium
86,139,165,83,38.2,19,2,Critical
73,135,176,86,37.9,29,7,Critical
50,125,103,99,38.0,13,4,High
53,100,107,91,36.7,27,6,High
37,83,162,81,39.3,23,3,Critical
79,94,112,90,38.2,20,2,High
90,115,163,93,36.5,14,7,High
43,89,172,95,39.1,15,1,Critical
83,116,136,99,39.7,13,7,High
90,106,158,85,39.8,19,7,Critical
90,94,136,83,37.5,21,4,Critical
57,78,176,94,36.5,27,5,Critical
34,67,119,80,38.1,22,5,Critical
18,85,114,86,36.5,29,1,Critical
78,130,117,91,39.7,25,4,High
60,89,114,89,36.7,19,4,High
59,66,163,84,37.0,26,4,Critical
42,126,167,91,37.6,28,4,High
56,124,147,97,37.5,29,5,High
52,95,130,89,39.2,17,2,High
20,84,114,85,37.8,25,4,Critical
61,96,167,91,36.7,14,2,High
68,60,137,86,37.1,18,7,Critical
29,74,99,97,38.0,26,7,Medium
36,96,164,81,36.6,27,4,Critical
61,72,100,89,38.4,27,3,High
76,67,174,94,38.3,19,6,Critical
66,64,110,91,38.9,18,3,High
78,119,175,96,39.8,17,7,Critical
34,132,134,83,39.6,13,6,Critical
74,60,96,86,39.8,24,3,Critical
72,95,170,88,37.0,23,4,High
64,94,153,98,36.5,26,2,Medium
29,125,153,86,37.2,20,6,Critical
79,122,91,81,39.6,13,5,Critical
25,82,165,85,39.9,28,1,Critical
38,68,131,97,39.4,16,6,Medium
87,93,171,85,36.4,22,6,Critical
89,105,143,92,39.8,30,5,High
42,137,164,98,37.7,18,4,Critical
29,63,105,81,36.0,13,3,Critical
32,89,107,91,37.8,27,3,High
76,134,148,94,36.2,23,7,Critical
43,131,179,93,38.2,26,2,Critical
43,62,105,85,37.4,12,4,Critical
64,73,95,97,37.9,24,5,Medium
49,119,146,84,38.5,17,4,Critical
27,136,136,97,39.5,24,4,Critical
33,104,137,82,38.6,29,3,Critical
88,93,131,82,37.7,14,5,Critical
34,104,165,89,39.3,12,1,High
40,120,149,98,39.6,26,6,High
43,142,166,82,36.5,24,3,Critical
24,75,93,91,38.1,16,5,High
31,125,91,95,37.1,24,2,High
24,99,179,96,36.2,16,6,Critical
26,76,148,86,38.7,30,6,Critical
65,93,116,92,39.5,29,3,High
89,75,116,81,36.7,21,7,Critical
76,119,168,83,39.2,19,2,Critical
56,125,161,89,39.4,26,3,High
35,125,96,86,39.7,15,4,Critical
76,149,152,96,37.1,13,7,Critical
34,72,135,99,39.6,17,5,Medium
31,115,152,85,37.3,14,2,Critical
48,90,101,98,38.2,18,6,Medium
41,93,102,84,36.2,21,3,Critical
77,98,132,89,36.2,17,6,High
62,126,106,88,38.9,27,2,High
20,67,152,92,37.8,13,6,High
54,146,170,98,37.0,28,3,Critical
60,137,125,100,36.8,24,7,Critical
57,114,174,85,38.7,12,3,Critical
72,86,97,83,36.0,17,1,Critical
56,112,158,82,39.2,16,6,Critical
32,98,179,82,36.3,24,1,Critical
21,124,169,83,36.8,29,7,Critical
42,76,125,84,37.5,23,1,Critical
30,89,117,87,37.9,18,6,Critical
50,112,136,95,37.4,26,2,High
33,72,165,82,37.3,14,4,Critical
59,80,119,91,39.9,27,7,High
83,78,112,87,38.6,12,3,Critical
72,112,105,92,36.1,27,5,High
59,78,103,83,37.7,23,7,Critical
51,116,163,93,39.5,30,1,High
47,84,160,93,37.2,19,2,Low
30,145,141,92,36.4,23,6,Critical
30,90,126,85,39.0,26,2,Critical
35,140,118,96,38.4,13,2,Critical
49,114,156,83,38.3,28,6,Critical
56,82,104,87,36.2,18,5,Critical
63,91,136,96,36.6,24,6,Medium
46,121,135,82,38.5,12,5,Critical
79,133,141,96,36.8,17,6,Critical
79,69,108,88,38.0,24,1,High
74,131,166,81,38.2,22,5,Critical
33,113,110,92,37.1,21,1,High
73,111,153,99,39.8,27,7,High
27,79,126,81,39.4,28,5,Critical
47,91,116,99,38.9,28,5,Medium
42,73,144,90,36.3,15,6,High
22,109,118,94,36.4,16,5,Low
82,87,109,90,38.0,25,1,High
66,112,114,82,36.6,21,7,Critical
20,83,159,82,39.9,25,6,Critical
62,138,152,91,36.6,12,3,Critical
31,81,125,84,37.9,22,7,Critical
47,89,91,99,37.5,29,7,Medium
85,122,111,86,38.6,27,1,Critical
35,63,105,86,36.5,29,7,Critical
79,136,107,92,37.7,19,3,Critical
54,118,158,88,37.1,21,2,High
42,146,143,100,39.6,21,6,Critical
65,67,119,92,36.2,16,2,High
82,141,134,91,39.7,21,6,Critical
70,71,108,92,39.3,29,7,High
90,90,176,89,37.2,17,6,Critical
32,137,123,80,39.2,14,1,Critical
66,93,102,87,36.1,19,3,Critical
85,141,132,95,39.9,20,6,Critical
29,134,151,92,38.1,16,3,Critical
76,135,111,82,37.2,13,6,Critical
54,108,141,82,37.5,13,3,Critical
78,138,141,84,36.3,18,2,Critical
60,116,125,90,40.0,28,1,High
87,85,162,86,36.2,21,6,Critical
56,77,108,100,38.6,23,4,Medium
73,145,127,89,37.8,13,3,Critical
80,97,159,89,39.8,21,3,High
63,140,168,99,37.0,12,4,Critical
28,146,146,81,38.1,15,1,Critical
79,147,109,82,37.9,24,3,Critical
42,109,98,87,38.8,23,1,Critical
88,67,121,90,36.3,22,3,High
69,100,93,92,36.8,21,7,High
21,65,139,86,36.9,26,5,Critical
76,128,171,92,39.0,16,7,Critical
89,103,94,81,36.8,28,3,Critical
37,123,109,85,38.3,16,5,Critical
80,88,176,88,36.9,13,6,Critical
71,87,164,99,39.4,20,1,Medium
74,70,126,81,39.8,17,3,Critical
58,124,111,97,38.1,29,2,High
20,78,147,95,37.4,25,2,Medium
23,68,157,91,36.9,30,4,High
22,86,133,86,36.2,25,2,Critical
22,93,123,86,37.1,19,5,Critical
71,103,166,96,38.6,28,2,Medium
64,127,131,92,38.1,14,2,High
66,141,98,90,39.8,21,2,Critical
26,74,96,85,37.6,28,3,Critical
37,110,157,93,38.8,22,4,High
78,72,108,85,38.0,19,1,Critical
52,142,120,85,38.1,12,4,Critical
67,108,124,81,37.1,24,5,Critical
79,129,146,99,37.8,15,3,High
34,115,174,94,37.9,18,6,Critical
20,135,150,96,38.8,25,3,Critical
49,110,120,87,39.8,16,7,Critical
30,96,172,84,37.3,22,2,Critical
90,76,142,96,36.2,28,2,Medium
85,117,121,99,38.0,16,5,High
31,146,155,80,38.2,14,6,Critical
28,149,148,97,36.7,16,7,Critical
73,88,99,94,39.0,26,3,Medium
84,92,91,84,39.9,30,6,Critical
46,119,155,86,39.8,27,1,Critical
26,150,149,97,36.8,19,4,Critical
84,148,177,85,39.5,24,3,Critical
42,114,106,100,38.8,27,6,High
59,69,105,84,37.8,14,1,Critical
26,106,105,98,38.2,12,1,Medium
57,82,135,89,39.4,20,7,High
42,144,128,94,37.9,20,7,Critical
22,80,120,89,37.5,28,4,High
28,72,177,95,38.0,13,1,Critical
76,92,90,91,38.3,20,5,High
55,83,100,97,36.8,30,1,Medium
89,70,174,80,39.6,24,6,Critical
22,76,93,95,38.7,16,7,Medium
65,127,160,85,38.5,20,5,Critical
35,106,115,82,36.4,24,7,Critical
87,84,139,81,38.4,12,7,Critical
54,132,101,81,36.5,26,7,Critical
77,80,170,92,36.3,15,1,High
65,143,164,88,38.1,15,2,Critical
45,142,154,95,37.6,21,1,Critical
86,142,136,84,38.4,17,7,Critical
57,71,142,100,36.4,23,5,Medium
62,96,160,86,37.7,27,1,Critical
79,101,91,92,36.7,14,7,High
75,76,113,99,39.9,25,7,Medium
84,107,93,92,38.2,12,1,High
73,87,108,86,38.7,21,1,Critical
57,100,115,89,37.3,26,5,High
57,106,164,94,36.4,18,1,Low
50,77,129,100,39.9,15,4,Medium
23,137,139,85,37.1,25,6,Critical
36,130,132,84,37.7,27,4,Critical
57,72,164,81,38.6,25,5,Critical
76,141,156,100,36.1,14,2,Critical
76,72,101,94,39.2,28,4,Medium
65,90,156,95,38.1,25,7,Medium
58,61,116,98,37.1,29,6,Medium
30,75,143,88,36.2,14,3,High
62,68,155,98,36.6,30,6,Medium
70,132,138,86,39.6,14,4,Critical
59,97,105,83,38.7,23,3,Critical
80,134,91,82,37.0,16,5,Critical
44,113,149,99,36.3,21,6,High
55,115,143,90,38.8,20,2,High
77,145,119,80,38.3,12,3,Critical
24,146,173,85,37.6,24,3,Critical
22,104,127,90,37.5,14,6,High
62,93,117,80,36.9,30,4,Critical
75,68,114,100,38.7,22,3,Medium
48,147,99,86,39.9,27,5,Critical
40,67,149,85,36.7,17,6,Critical
59,66,131,93,38.4,14,5,Medium
27,95,129,81,37.7,30,6,Critical
49,77,166,83,37.8,17,5,Critical
70,62,131,90,37.0,19,4,High
47,87,136,94,39.3,24,6,Medium
56,129,126,97,37.9,23,7,High
48,103,169,80,38.2,21,2,Critical
19,80,111,82,37.2,14,4,Critical
29,87,146,82,36.7,15,5,Critical
56,113,173,86,36.3,12,6,Critical
83,113,116,80,38.9,24,4,Critical
30,124,130,90,36.8,15,5,High
63,80,169,85,38.8,22,1,Critical
44,72,123,99,37.6,30,1,Medium
34,116,121,82,37.7,22,3,Critical
77,108,179,98,37.9,23,2,Critical
81,113,178,81,37.5,22,1,Critical
52,69,155,97,36.4,17,7,Low
87,112,101,91,37.2,23,5,High
47,103,129,89,38.7,20,4,High
88,106,162,84,38.7,21,6,Critical
80,112,165,88,37.1,14,4,High
45,133,179,81,37.8,14,3,Critical
77,105,162,81,36.8,27,4,Critical
54,72,99,85,36.8,14,1,Critical
39,96,137,89,36.1,21,4,High
85,83,109,97,39.6,22,1,Medium
37,61,128,91,36.8,19,1,High
85,145,149,83,36.9,17,2,Critical
81,140,155,100,37.1,22,3,Critical
34,73,154,96,36.5,23,7,Medium
29,69,140,94,38.6,27,7,Medium
39,94,125,85,36.3,29,5,Critical
34,84,113,95,36.5,24,7,Medium
27,62,116,96,38.6,14,1,Medium
82,76,91,82,37.4,26,6,Critical
39,71,120,89,38.8,25,3,High
67,113,146,84,38.2,29,5,Critical
31,83,167,93,37.0,25,7,Medium
81,88,155,100,38.6,16,7,Medium
64,102,118,92,36.5,25,6,High
46,84,104,85,38.1,19,4,Critical
53,119,101,91,37.7,26,3,High
69,149,117,87,37.1,26,6,Critical
24,124,173,84,38.4,30,7,Critical
46,143,113,94,39.5,17,3,Critical
28,87,110,95,40.0,30,3,Medium
50,75,99,80,38.4,19,7,Critical
23,106,167,95,37.6,17,4,Low
49,140,107,84,36.9,26,4,Critical
68,117,177,82,37.0,14,7,Critical
75,135,103,99,37.9,21,3,Critical
43,86,123,94,37.5,26,6,Medium
63,112,147,92,39.7,27,2,High
46,101,165,95,37.5,28,1,Medium
21,118,111,90,37.5,30,4,High
30,106,159,100,37.5,22,7,Low
56,93,125,81,39.3,27,2,Critical
32,96,134,85,38.6,16,4,Critical
46,65,125,85,38.5,16,3,Critical
46,66,111,93,37.3,25,7,Medium
49,84,167,90,39.3,29,2,High
19,92,169,87,36.2,19,7,Critical
64,114,150,87,39.5,16,6,Critical
39,117,145,80,38.1,18,6,Critical
44,66,178,100,37.6,27,5,Critical
84,116,122,86,38.0,25,1,Critical
73,71,134,85,38.7,16,1,Critical
38,75,125,100,36.1,20,4,Low
64,139,109,87,39.5,15,1,Critical
76,102,107,98,37.8,15,7,Low
23,136,127,100,37.4,27,7,Critical
36,66,156,99,36.6,28,5,Medium
74,110,112,87,37.8,26,6,Critical
86,132,105,93,38.0,15,2,Critical
20,91,148,97,37.6,17,2,Low
18,134,158,95,38.7,27,6,Critical
75,67,157,88,37.7,15,3,High
55,146,110,94,39.8,17,6,Critical
32,148,167,89,38.4,16,2,Critical
51,131,167,95,39.2,27,4,Critical
78,104,159,83,36.4,27,5,Critical
52,145,101,99,37.6,21,6,Critical
81,118,105,92,37.3,20,3,High
42,63,170,84,38.3,15,4,Critical
41,126,176,86,39.4,25,6,Critical
29,88,103,88,36.3,15,4,High
35,88,150,87,36.3,23,6,Critical
32,87,160,95,39.4,21,4,Medium
44,136,135,85,36.9,15,7,Critical
89,138,121,95,38.7,29,1,Critical
77,146,104,85,38.2,24,4,Critical
63,103,133,93,39.3,24,7,Medium
34,149,106,100,36.5,25,1,Critical
70,63,130,80,36.5,29,2,Critical
25,149,143,88,38.2,12,1,Critical
44,68,133,92,39.8,27,4,High
63,64,94,98,37.7,26,5,Medium
67,115,116,96,37.3,16,5,High
88,143,176,90,38.4,17,2,Critical
20,109,167,87,39.7,17,4,Critical
81,134,168,84,39.3,14,1,Critical
61,74,132,89,40.0,27,5,High
70,91,120,86,36.1,23,6,Critical
41,87,106,89,36.5,15,3,High
77,81,172,83,38.4,12,4,Critical
20,76,143,88,39.3,15,7,High
37,118,151,93,37.1,12,7,High
63,149,176,81,37.0,19,6,Critical
32,130,121,88,39.1,16,6,High
42,116,129,100,36.2,13,4,High
88,85,102,80,37.5,23,3,Critical
34,84,173,89,38.0,28,5,Critical
26,69,124,89,38.2,18,3,High
55,104,94,99,38.9,22,2,Medium
65,142,162,82,37.4,15,1,Critical
77,70,118,85,38.5,16,1,Critical
80,136,159,85,38.3,17,6,Critical
19,112,114,100,38.2,22,5,High
89,131,111,81,38.6,12,3,Critical
28,127,155,97,37.0,21,6,High
81,87,134,81,36.3,22,4,Critical
89,134,158,91,36.5,28,6,Critical
38,124,180,84,36.9,19,4,Critical
35,108,178,99,38.0,24,4,Critical
81,106,161,86,39.4,29,2,Critical
55,111,90,95,38.8,27,2,High
49,147,173,99,39.2,13,4,Critical
28,113,133,80,37.4,16,5,Critical
62,119,176,80,37.6,29,2,Critical
50,116,164,96,37.6,14,2,High
58,106,128,80,36.8,28,1,Critical
25,90,143,100,36.2,27,6,Medium
28,105,177,99,38.4,17,1,Critical
68,85,164,92,40.0,30,5,High
58,64,118,88,36.7,18,2,High
34,143,143,94,36.2,29,7,Critical
63,111,179,82,39.1,25,2,Critical
49,134,105,93,37.0,17,3,Critical
71,113,109,90,39.3,19,5,High
37,92,135,91,38.8,26,7,High
50,109,156,92,39.8,26,6,High
57,97,154,92,37.6,26,6,High
49,86,147,80,38.6,27,7,Critical
19,74,142,89,37.9,12,6,High
50,120,90,82,38.5,22,7,Critical
47,80,170,83,37.8,16,5,Critical
50,105,155,95,36.8,16,7,Low
43,128,118,87,38.0,17,7,Critical
39,65,173,95,38.1,13,3,Critical
83,97,159,96,39.2,17,3,Medium
55,121,97,98,38.9,25,1,High
63,145,118,94,38.7,22,5,Critical
32,121,140,95,36.5,15,5,High
61,141,122,94,38.9,20,3,Critical
66,137,92,81,38.0,14,4,Critical
78,133,149,90,39.6,27,4,Critical
84,105,124,80,39.7,22,1,Critical
23,72,158,94,36.2,15,4,Low
26,62,180,98,39.3,12,4,Critical
23,65,165,83,36.2,27,4,Critical
90,67,173,90,37.5,30,2,Critical
49,103,109,84,38.2,27,1,Critical
58,92,162,82,36.6,22,3,Critical
25,140,128,92,39.0,19,4,Critical
89,134,93,89,36.0,12,6,Critical
67,136,108,90,36.7,20,7,Critical
79,109,180,97,38.3,23,2,Critical
79,70,134,81,38.9,19,4,Critical
24,87,132,86,39.7,28,7,Critical
21,129,102,88,38.8,21,7,High
23,100,102,89,38.7,18,2,High
75,75,149,97,37.6,30,1,Medium
39,127,146,86,36.0,17,6,Critical
43,107,175,86,36.5,30,6,Critical
20,115,141,82,38.1,29,6,Critical
58,123,142,91,38.7,26,4,High
77,118,175,86,37.7,13,2,Critical
31,149,132,96,38.9,25,6,Critical
29,121,172,80,38.1,21,7,Critical
29,135,161,84,36.3,27,7,Critical
30,70,161,95,36.8,18,5,Low
42,148,131,94,39.4,19,5,Critical
62,77,179,81,38.9,21,2,Critical
36,78,115,88,39.6,26,4,High
72,146,112,86,36.5,19,4,Critical
62,114,132,83,40.0,24,1,Critical
25,141,166,99,36.8,23,1,Critical
70,85,117,97,36.0,19,6,Low
72,65,98,100,40.0,26,3,Medium
49,63,109,83,37.1,23,7,Critical
68,88,145,92,38.7,22,1,High
61,118,172,80,36.7,30,4,Critical
87,76,128,82,38.3,25,7,Critical
35,102,140,95,39.6,29,3,Medium
39,139,101,83,37.3,24,1,Critical
54,125,168,95,38.7,15,2,High
73,93,144,98,36.8,28,5,Medium
76,67,167,80,38.5,30,1,Critical
20,72,100,84,37.3,20,1,Critical
45,67,115,98,36.8,18,2,Low
52,124,131,90,37.3,12,4,High
78,102,116,92,36.7,18,6,High
71,98,100,99,39.6,18,2,Medium
80,140,127,84,37.6,18,6,Critical
24,118,132,100,37.0,19,1,High
66,143,108,83,37.8,27,4,Critical
48,147,153,83,37.3,14,3,Critical
75,145,95,83,39.0,24,1,Critical
78,145,135,83,39.9,21,2,Critical
41,103,131,99,37.8,29,3,Medium
37,68,154,100,39.4,18,5,Medium
54,96,161,97,38.3,16,3,Medium
21,133,148,97,36.6,18,2,Critical
37,95,141,95,38.8,28,7,Medium
77,87,136,88,38.1,15,3,High
41,101,96,97,38.6,27,2,Medium
67,102,100,81,39.6,30,7,Critical
66,144,150,100,37.8,21,1,Critical
68,147,157,83,39.6,14,7,Critical
53,101,114,91,39.0,14,4,High
83,125,101,86,38.0,28,5,Critical
51,114,115,94,38.4,21,7,High
53,131,101,86,37.3,28,4,Critical
23,107,132,100,39.9,28,4,Medium
56,150,140,96,38.7,15,4,Critical
59,81,126,95,36.2,17,7,Low
75,86,135,98,37.3,23,2,Medium
29,126,142,88,38.5,28,2,High
20,72,177,93,36.2,28,5,Critical
35,104,169,96,36.1,21,2,Low
57,69,102,84,37.8,18,6,Critical
38,68,178,81,37.3,27,2,Critical
32,113,143,99,37.8,24,2,High
43,86,146,95,37.1,14,2,Low
25,93,93,93,36.7,13,1,Low
59,60,164,93,38.8,27,5,Medium
61,91,138,80,38.1,17,6,Critical
31,148,96,82,36.8,17,2,Critical
19,130,100,86,37.3,24,5,Critical
54,126,143,94,38.4,18,3,High
86,143,176,98,36.3,16,1,Critical
55,79,134,99,36.6,18,7,Low
58,94,112,81,36.3,13,2,Critical
79,150,117,98,39.2,28,6,Critical
77,149,146,88,39.0,24,1,Critical
31,137,115,98,39.0,27,6,Critical
19,76,114,84,38.9,13,7,Critical
87,77,143,97,38.7,16,7,Medium
34,104,118,95,37.9,29,1,Medium
45,143,172,83,38.6,18,3,Critical
83,112,125,91,36.2,22,5,High
52,150,103,86,38.5,22,1,Critical
22,141,167,93,39.1,28,4,Critical
82,127,124,91,38.0,27,7,High
57,124,119,82,37.4,24,3,Critical
73,60,106,84,37.1,16,7,Critical
53,117,156,96,38.6,27,4,High
62,85,169,89,38.8,27,3,High
40,79,119,89,39.5,27,7,High
64,146,134,90,37.4,25,4,Critical
48,69,168,96,39.1,17,4,Medium
28,118,178,84,38.2,13,7,Critical
27,134,140,92,39.5,25,7,Critical
84,100,136,89,38.1,27,6,High
31,64,142,88,38.1,24,1,High
27,124,153,96,38.3,26,1,High
18,76,127,80,39.0,23,3,Critical
22,81,153,83,39.9,20,5,Critical
37,100,176,83,36.3,29,7,Critical
25,127,178,97,36.2,25,6,Critical
60,128,96,88,39.8,15,1,High
18,70,111,97,38.1,19,1,Medium
74,115,170,93,38.5,19,6,High
81,110,171,94,37.9,27,2,Critical
45,80,130,85,36.4,21,6,Critical
54,135,163,89,39.1,28,1,Critical
64,85,99,94,39.0,12,5,Medium
54,78,146,83,37.2,29,2,Critical
66,119,96,97,37.2,21,4,High
61,130,139,97,39.4,15,6,High
73,106,180,96,36.3,12,4,Critical
45,130,141,91,39.5,15,2,High
23,85,122,86,37.0,15,2,Critical
78,99,90,95,38.4,15,2,Medium
37,64,142,90,39.7,28,3,High
19,80,149,93,38.7,20,6,Medium
90,137,123,82,37.7,30,7,Critical
54,63,93,98,38.8,24,5,Medium
37,82,106,97,37.4,15,5,Low
43,143,93,89,37.1,16,4,Critical
46,74,132,85,40.0,24,4,Critical
18,67,179,92,39.0,27,7,Critical
52,100,93,89,38.6,16,4,High
87,78,90,97,37.4,19,6,Low
76,105,160,99,36.2,27,1,Medium
86,87,139,95,36.1,12,4,Low
50,150,162,85,38.2,17,2,Critical
68,127,150,92,39.0,22,4,High
29,74,124,83,38.1,27,2,Critical
37,96,97,93,39.4,16,3,Medium
70,60,113,80,36.1,27,1,Critical
60,126,172,99,37.5,18,1,Critical
67,83,125,84,36.9,30,7,Critical
46,86,139,87,37.8,12,6,Critical
74,99,132,91,36.3,20,6,High
56,122,116,81,39.8,29,5,Critical
73,120,121,91,36.9,24,3,High
60,95,167,84,39.7,26,7,Critical
67,83,107,84,37.7,14,6,Critical
40,83,117,92,39.9,21,2,High
61,63,118,88,38.2,20,3,High
55,126,105,89,39.7,24,1,High
40,93,136,80,36.0,27,2,Critical
62,116,148,82,39.0,14,7,Critical
69,108,120,97,39.6,26,7,Medium
67,146,93,91,36.6,28,3,Critical
25,112,126,82,36.4,25,1,Critical
18,82,106,88,37.7,18,6,High
25,128,128,81,39.7,27,2,Critical
46,112,137,82,38.2,19,2,Critical
22,121,135,93,38.1,15,1,High
64,100,179,83,36.6,26,2,Critical
51,116,137,98,36.0,16,6,High
82,119,128,92,39.2,24,6,High
72,113,93,86,36.4,17,6,Critical
60,129,119,91,38.5,16,1,High
47,116,119,82,39.7,28,4,Critical
34,69,111,88,36.8,18,4,High
43,99,164,81,38.7,17,7,Critical
25,66,155,88,36.3,13,7,High
64,97,101,91,38.4,22,2,High
89,144,125,91,36.7,18,6,Critical
63,120,107,94,38.9,19,2,High
85,143,179,81,37.2,16,1,Critical
50,62,142,97,37.9,29,2,Medium
18,110,160,92,38.4,27,5,High
36,145,90,93,36.7,25,4,Critical
48,106,147,84,39.0,23,2,Critical
31,127,179,89,37.2,28,2,Critical
70,135,176,91,38.6,16,3,Critical
65,97,179,89,36.6,25,2,Critical
86,95,95,90,38.8,17,5,High
79,100,159,81,36.5,26,4,Critical
83,128,133,84,37.7,18,3,Critical
81,72,161,86,37.0,25,1,Critical
87,146,113,85,39.0,29,7,Critical
80,117,175,82,37.0,12,1,Critical
90,109,108,92,39.5,17,4,High
50,89,107,82,39.6,14,7,Critical
58,121,119,100,36.8,16,1,High
65,84,131,85,38.5,23,5,Critical
30,86,122,90,36.4,22,2,High
90,110,163,96,37.6,24,4,High
48,137,101,89,38.9,27,7,Critical
85,116,116,91,38.6,29,3,High
21,106,128,96,38.5,28,2,Medium
36,98,98,83,37.1,28,1,Critical
87,75,110,81,37.5,22,1,Critical
30,81,165,90,36.4,21,3,High
40,144,118,86,38.9,27,5,Critical
18,113,122,81,38.0,13,3,Critical
71,80,151,97,38.8,28,4,Medium
88,131,104,100,37.0,21,3,Critical
32,75,91,83,37.3,24,1,Critical
82,118,141,87,37.3,23,5,Critical
88,90,133,99,36.1,26,5,Medium
32,101,143,93,37.4,18,6,Low
38,133,107,91,39.2,24,3,Critical
36,91,92,100,39.6,23,4,Medium
77,118,96,97,38.1,23,1,High
50,93,132,90,37.8,13,2,High
66,68,171,87,36.1,16,5,Critical
52,140,127,81,39.5,13,3,Critical
61,70,126,94,36.1,24,6,Medium
28,69,147,88,39.8,14,4,High
89,145,122,98,38.0,22,4,Critical
83,76,148,99,37.4,27,7,Medium
63,127,100,87,39.7,12,1,Critical
26,107,157,98,36.1,30,5,Medium
20,111,171,84,38.3,22,1,Critical
43,84,157,90,38.2,20,6,High
89,80,177,94,36.9,25,2,Critical
65,124,111,87,37.7,20,2,Critical
83,122,155,98,38.6,18,2,High
87,148,133,87,38.9,27,4,Critical
45,110,95,98,36.0,14,5,High
43,95,131,97,39.7,30,1,Medium
42,140,114,89,36.7,15,1,Critical
29,147,146,86,36.9,18,6,Critical
22,125,174,88,37.1,23,2,Critical
65,74,144,80,36.2,29,5,Critical
54,98,105,98,36.5,16,5,Low
61,129,103,84,39.9,21,6,Critical
32,60,128,98,37.3,23,3,Medium
60,82,117,80,36.5,19,5,Critical
65,98,140,94,36.4,30,5,Medium
87,116,138,95,38.9,26,1,High
63,140,98,86,39.4,12,6,Critical
60,93,147,91,37.0,14,5,High
38,100,134,87,36.1,29,5,Critical
40,132,111,84,36.9,29,1,Critical
64,72,121,89,36.2,13,5,High
32,129,158,100,36.4,16,1,High
42,65,176,84,37.7,12,3,Critical
53,143,158,96,36.9,21,4,Critical
68,111,131,84,38.1,21,7,Critical
32,62,142,94,37.0,16,1,Low
85,140,148,92,39.8,29,1,Critical
38,122,163,80,39.6,26,5,Critical
30,108,128,90,38.3,19,1,High
36,135,104,80,37.4,28,6,Critical
51,106,160,90,37.5,23,2,High
85,114,118,97,37.6,23,2,High
69,123,92,97,38.9,12,3,High
44,124,172,100,37.8,15,1,Critical
46,140,99,95,39.4,19,6,Critical
45,126,118,92,39.8,12,5,High
52,149,168,86,37.3,26,5,Critical
25,74,124,80,38.2,29,7,Critical
33,91,95,95,36.4,12,4,Low
53,127,101,80,36.8,22,3,Critical
47,77,127,96,37.7,13,6,Low
35,142,166,85,36.8,12,6,Critical
19,102,108,81,39.5,23,7,Critical
66,94,156,96,36.6,27,7,Medium
21,137,97,85,37.8,21,5,Critical
24,117,97,93,38.4,29,4,High
56,92,173,97,38.8,26,5,Critical
30,73,136,85,37.5,28,4,Critical
48,93,93,89,39.5,21,2,High
88,120,140,97,38.3,14,6,High
80,63,174,88,37.8,27,7,Critical
73,147,156,87,36.3,17,2,Critical
59,118,134,89,37.9,14,5,High
78,88,97,96,39.3,20,3,Medium
59,142,176,85,38.5,22,1,Critical
73,65,105,93,39.3,24,3,Medium
53,108,166,85,38.0,29,3,Critical
85,99,156,86,36.5,15,1,Critical
24,142,98,91,36.1,19,6,Critical
71,124,149,82,37.2,24,2,Critical
18,128,167,93,38.8,21,2,High
61,86,166,98,39.2,13,6,Medium
62,139,160,95,37.2,19,1,Critical
64,65,104,86,38.0,17,4,Critical
30,72,160,87,37.7,27,3,Critical
39,123,130,97,37.6,29,5,High
38,121,111,92,36.9,28,2,High
26,78,113,100,36.5,17,6,Low
43,135,133,88,36.8,24,5,Critical
26,139,90,89,36.2,25,7,Critical
32,102,99,100,36.8,21,1,Low
27,133,169,88,36.0,22,5,Critical
59,148,161,94,38.5,24,5,Critical
89,79,145,99,37.3,23,3,Medium
41,127,178,81,39.9,20,1,Critical
66,103,139,92,36.8,15,5,High
43,82,101,81,37.4,18,2,Critical
54,61,178,98,37.4,13,1,Critical
85,81,170,81,36.0,18,2,Critical
67,116,149,82,39.4,20,6,Critical
41,131,115,85,36.1,16,6,Critical
36,66,167,82,39.8,26,7,Critical
77,137,130,89,39.6,29,4,Critical
56,115,125,85,38.1,15,6,Critical
35,126,112,95,38.2,30,5,High
36,75,132,96,38.6,18,1,Medium
53,142,95,98,37.5,19,6,Critical
72,110,158,82,38.6,28,2,Critical
86,141,132,97,36.2,24,5,Critical
64,139,114,86,36.2,22,6,Critical
66,131,107,88,37.8,12,3,Critical
50,71,151,99,38.2,13,2,Medium
38,112,102,91,39.6,28,7,High
39,134,132,84,36.4,16,7,Critical
65,64,167,82,39.3,17,7,Critical
54,86,117,90,36.8,18,2,High
32,71,107,83,37.6,26,7,Critical
52,76,148,84,37.3,30,4,Critical
88,65,149,80,37.6,27,3,Critical
49,64,152,97,36.6,24,4,Medium
28,116,146,91,38.0,16,6,High
27,87,140,92,39.2,14,3,High
90,137,145,88,37.8,14,2,Critical
74,128,116,81,38.0,30,4,Critical
42,118,121,84,39.4,25,5,Critical
19,92,98,92,38.8,27,3,High
81,121,173,95,38.0,28,2,Critical
52,109,157,95,37.0,15,1,Low
24,78,135,82,39.5,24,3,Critical
35,145,156,83,38.3,19,3,Critical
84,128,115,90,36.9,30,6,High
59,125,97,93,37.1,16,5,High
56,106,95,82,39.2,13,6,Critical
58,98,169,95,36.2,26,7,Medium
41,127,113,94,40.0,13,3,High
77,92,137,89,36.5,22,3,High
63,72,134,88,39.2,24,7,High
36,143,102,90,37.6,21,5,Critical
85,113,158,95,38.0,14,5,High
59,66,114,89,39.5,16,4,High
49,138,109,96,37.7,14,2,Critical
56,146,171,98,38.1,17,2,Critical
53,73,171,81,36.2,24,4,Critical
53,146,155,81,36.0,21,2,Critical
20,78,163,85,37.0,30,3,Critical
90,113,134,98,38.7,19,4,High
25,79,136,87,36.5,29,4,Critical
87,88,152,82,36.5,14,2,Critical
58,83,165,93,37.6,28,1,Medium
85,141,166,95,38.6,19,2,Critical
30,122,144,80,38.8,21,6,Critical
66,133,164,100,36.7,13,1,Critical
77,116,108,82,36.3,23,4,Critical
19,67,124,97,39.8,17,1,Medium
77,149,142,88,37.0,13,3,Critical
22,121,115,85,39.4,14,5,Critical
61,88,103,100,39.5,28,1,Medium
44,133,134,80,39.1,18,6,Critical
49,76,133,100,36.7,16,5,Low
38,125,177,89,39.3,12,3,Critical
25,65,154,85,39.1,19,6,Critical
89,117,140,91,38.4,23,7,High
67,128,132,83,37.3,25,5,Critical
84,87,175,92,37.1,27,7,Critical
61,121,112,96,36.5,21,3,High
75,100,145,87,38.0,26,5,Critical
20,128,108,99,38.3,26,5,High
87,141,171,82,37.4,21,2,Critical
19,149,165,91,37.9,18,6,Critical
61,143,144,86,37.5,14,6,Critical
19,100,149,91,38.6,13,1,High
52,108,148,81,39.6,17,7,Critical
47,150,122,93,36.7,20,7,Critical
25,108,108,84,37.5,21,6,Critical
39,135,117,88,36.6,15,6,Critical
61,130,141,100,38.5,14,5,High
75,62,138,90,38.9,20,7,High
53,69,126,84,39.7,28,4,Critical
86,148,115,82,37.1,25,2,Critical
48,94,129,96,39.8,21,1,Medium
64,139,169,81,36.3,24,2,Critical
72,61,127,80,38.4,23,1,Critical
79,83,166,86,36.2,12,3,Critical
47,133,176,93,39.6,30,5,Critical
72,97,143,84,38.1,30,6,Critical
33,81,111,98,38.7,17,6,Medium
29,85,105,90,39.3,24,4,High
34,102,117,81,36.6,30,7,Critical
33,114,124,87,36.2,24,7,Critical
29,98,149,88,39.5,15,2,High
25,150,134,82,37.3,13,2,Critical
20,88,135,81,36.5,26,2,Critical
33,79,161,86,37.9,23,7,Critical
47,150,144,84,38.4,18,6,Critical
40,100,175,100,36.1,29,7,Critical
22,113,174,84,37.1,24,2,Critical
82,79,115,99,36.1,28,5,Medium
47,78,174,92,37.7,15,1,Critical
38,143,114,100,39.6,25,6,Critical
87,125,154,99,39.9,24,5,High
39,89,95,85,38.5,14,3,Critical
89,112,112,99,36.6,29,5,High
49,93,153,97,39.6,25,5,Medium
50,81,176,81,38.1,26,3,Critical
33,126,132,85,36.6,14,5,Critical
55,65,112,88,39.7,12,1,High
31,138,119,82,39.0,28,6,Critical
53,86,166,80,38.9,14,4,Critical
40,69,107,80,38.8,25,7,Critical
83,132,176,98,36.8,14,3,Critical
19,107,168,84,36.8,24,6,Critical
90,129,110,92,38.8,26,2,High
82,118,146,98,36.9,29,1,High
84,118,112,91,37.8,25,4,High
69,61,180,95,39.1,14,1,Critical
79,88,134,98,39.1,30,1,Medium
40,127,133,82,37.8,19,2,Critical
43,124,171,91,39.2,15,4,Critical
85,142,177,84,39.4,15,7,Critical
72,85,136,81,38.6,30,1,Critical
23,148,129,86,36.9,22,2,Critical
52,69,140,92,37.1,12,3,High
39,112,131,94,37.3,19,2,High
60,138,96,82,36.5,26,5,Critical
32,118,139,100,37.1,12,6,High
77,81,137,99,36.8,18,2,Low
29,110,173,84,37.8,22,2,Critical
66,107,180,87,39.6,25,2,Critical
59,80,95,80,36.4,27,7,Critical
55,81,180,87,38.9,25,1,Critical
62,89,98,97,38.7,23,7,Medium
52,84,146,99,36.4,28,4,Medium
47,87,120,95,39.7,25,2,Medium
47,124,110,97,38.3,21,2,High
23,104,179,99,37.5,25,5,Critical
84,127,129,91,39.0,29,5,High
24,66,134,92,37.0,20,3,High
69,108,166,92,38.8,28,3,High
31,68,138,89,36.2,17,5,High
90,95,176,86,39.4,19,4,Critical
32,142,109,93,37.8,24,3,Critical
38,60,106,95,38.5,29,6,Medium
52,69,117,94,36.9,16,6,Low
83,95,130,91,38.7,17,4,High
19,132,155,88,39.1,30,5,Critical
52,105,114,87,37.9,15,3,Critical
37,91,147,97,38.5,18,2,Medium
27,91,130,97,37.8,15,5,Low
42,65,95,92,39.6,22,3,High
83,107,164,97,38.0,23,4,Medium
42,97,127,94,39.4,25,6,Medium
71,76,95,83,39.2,24,4,Critical
50,133,134,96,37.6,21,3,Critical
53,86,164,84,36.9,29,4,Critical
31,113,103,95,37.6,27,3,High
82,109,155,88,39.3,16,3,High
71,94,129,89,36.9,19,4,High
69,144,92,97,38.1,25,1,Critical
20,84,113,96,39.2,16,2,Medium
58,87,108,97,37.4,19,5,Low
23,74,107,86,38.6,17,6,Critical
42,63,153,83,37.0,27,2,Critical
30,132,177,84,36.4,15,5,Critical
25,86,124,95,39.2,23,5,Medium
38,85,151,82,36.4,22,6,Critical
85,78,90,97,37.1,14,2,Low
42,76,114,100,39.4,23,6,Medium
85,102,134,93,37.4,16,3,Low
62,100,138,94,39.9,17,6,Medium
77,101,178,96,39.9,30,4,Critical
29,109,105,80,37.1,29,1,Critical
49,143,108,100,36.2,27,1,Critical
30,99,112,96,38.8,22,1,Medium
48,98,172,90,37.8,16,2,Critical
37,82,114,96,36.4,20,2,Low
35,111,105,93,38.8,14,3,High
77,106,143,99,36.1,19,7,Low
80,122,162,98,39.5,17,1,High
23,128,90,100,36.6,15,3,High
49,102,131,86,36.5,23,7,Critical
60,107,108,92,36.7,23,1,High
19,93,123,97,39.8,27,2,Medium
77,99,169,93,38.8,21,7,Medium
40,134,144,80,39.2,25,4,Critical
48,120,107,86,37.6,24,4,Critical
22,109,123,87,37.3,20,4,Critical
51,126,178,97,36.9,18,6,Critical
27,121,134,88,37.9,23,4,High
19,117,95,80,38.2,16,5,Critical
28,92,110,96,38.5,29,1,Medium
67,134,159,98,37.0,15,4,Critical
48,75,137,85,39.8,13,7,Critical
73,141,128,82,36.7,14,5,Critical
90,107,120,84,39.9,23,5,Critical
26,69,99,81,36.1,14,5,Critical
38,141,119,99,37.9,15,3,Critical
90,97,107,83,37.3,17,7,Critical
45,78,149,89,37.8,23,3,High
79,95,177,89,38.3,30,5,Critical
24,118,162,100,37.7,21,6,High
33,122,104,90,37.7,12,4,High
21,136,93,95,38.9,28,1,Critical
21,105,152,96,38.7,27,7,Medium
57,62,129,95,39.3,20,6,Medium
34,133,98,86,37.0,20,2,Critical
